Т.Х.Пехтерова,Приязнь,917616-1,элегия,0,5,1
Т.Х.Пехтерова,Приязнь,917616-2,элегия,0,5,1
Т.Х.Пехтерова,Приязнь,917616-3,элегия,0,5,1
Т.Х.Пехтерова,Приязнь,917616-4,элегия,0,5,1
Т.Х.Пехтерова,Приязнь,917616-5,элегия,0,5,1
Г.Х.Арыченкова,Петроль,864786-1,былина,0,5,1
Г.Х.Арыченкова,Петроль,864786-2,былина,0,5,1
Г.Х.Арыченкова,Петроль,864786-3,былина,0,5,1
Г.Х.Арыченкова,Петроль,864786-4,былина,0,5,1
Г.Х.Арыченкова,Петроль,864786-5,былина,0,5,1
В.Е.Новокшепова,Переплёскивание,369327-1,элегия,16,5,2
В.Е.Новокшепова,Переплёскивание,369327-2,элегия,16,5,2
В.Е.Новокшепова,Переплёскивание,369327-3,элегия,16,5,2
В.Е.Новокшепова,Переплёскивание,369327-4,элегия,16,5,2
В.Е.Новокшепова,Переплёскивание,369327-5,элегия,16,5,2
Й.У.Гукасов,Пожарная,813542-1,комедия,0,5,2
Й.У.Гукасов,Пожарная,813542-2,комедия,0,5,2
Й.У.Гукасов,Пожарная,813542-3,комедия,0,5,2
Й.У.Гукасов,Пожарная,813542-4,комедия,0,5,2
Й.У.Гукасов,Пожарная,813542-5,комедия,0,5,2
У.Т.Шенлев,Ошмётки,355228-1,элегия,0,5,2
У.Т.Шенлев,Ошмётки,355228-2,элегия,0,5,2
У.Т.Шенлев,Ошмётки,355228-3,элегия,0,5,2
У.Т.Шенлев,Ошмётки,355228-4,элегия,0,5,2
У.Т.Шенлев,Ошмётки,355228-5,элегия,0,5,2
К.Э.Амелич,Подклик,681986-1,былина,18,5,2
К.Э.Амелич,Подклик,681986-2,былина,18,5,2
К.Э.Амелич,Подклик,681986-3,былина,18,5,2
К.Э.Амелич,Подклик,681986-4,былина,18,5,2
К.Э.Амелич,Подклик,681986-5,былина,18,5,2
А.З.Страмцова,Благородство,566391-1,элегия,16,5,2
А.З.Страмцова,Благородство,566391-2,элегия,16,5,2
А.З.Страмцова,Благородство,566391-3,элегия,16,5,2
А.З.Страмцова,Благородство,566391-4,элегия,16,5,2
А.З.Страмцова,Благородство,566391-5,элегия,16,5,2
Э.С.Шульдикова,Непромокаемость,342794-1,поэма,16,5,1
Э.С.Шульдикова,Непромокаемость,342794-2,поэма,16,5,1
Э.С.Шульдикова,Непромокаемость,342794-3,поэма,16,5,1
Э.С.Шульдикова,Непромокаемость,342794-4,поэма,16,5,1
Э.С.Шульдикова,Непромокаемость,342794-5,поэма,16,5,1
Ё.Д.Виноваров,Вуаль,382676-1,комедия,18,5,2
Ё.Д.Виноваров,Вуаль,382676-2,комедия,18,5,2
Ё.Д.Виноваров,Вуаль,382676-3,комедия,18,5,2
Ё.Д.Виноваров,Вуаль,382676-4,комедия,18,5,2
Ё.Д.Виноваров,Вуаль,382676-5,комедия,18,5,2
Ж.В.Аджиева,Почтенность,594561-1,рассказ,12,5,1
Ж.В.Аджиева,Почтенность,594561-2,рассказ,12,5,1
Ж.В.Аджиева,Почтенность,594561-3,рассказ,12,5,1
Ж.В.Аджиева,Почтенность,594561-4,рассказ,12,5,1
Ж.В.Аджиева,Почтенность,594561-5,рассказ,12,5,1
Й.Б.Кудзиева,Ставридка,761367-1,ода,0,5,3
Й.Б.Кудзиева,Ставридка,761367-2,ода,0,5,3
Й.Б.Кудзиева,Ставридка,761367-3,ода,0,5,3
Й.Б.Кудзиева,Ставридка,761367-4,ода,0,5,3
Й.Б.Кудзиева,Ставридка,761367-5,ода,0,5,3
С.Х.Осинцев,Девятиэтажка,571656-1,ода,18,5,1
С.Х.Осинцев,Девятиэтажка,571656-2,ода,18,5,1
С.Х.Осинцев,Девятиэтажка,571656-3,ода,18,5,1
С.Х.Осинцев,Девятиэтажка,571656-4,ода,18,5,1
С.Х.Осинцев,Девятиэтажка,571656-5,ода,18,5,1
И.У.Пителова,Клейстер,377877-1,рассказ,16,5,1
И.У.Пителова,Клейстер,377877-2,рассказ,16,5,1
И.У.Пителова,Клейстер,377877-3,рассказ,16,5,1
И.У.Пителова,Клейстер,377877-4,рассказ,16,5,1
И.У.Пителова,Клейстер,377877-5,рассказ,16,5,1
Ю.Д.Рючкова,Невыносимость,234879-1,былина,0,5,1
Ю.Д.Рючкова,Невыносимость,234879-2,былина,0,5,1
Ю.Д.Рючкова,Невыносимость,234879-3,былина,0,5,1
Ю.Д.Рючкова,Невыносимость,234879-4,былина,0,5,1
Ю.Д.Рючкова,Невыносимость,234879-5,былина,0,5,1
Ч.Б.Корикова,Шапочки,255732-1,элегия,18,5,1
Ч.Б.Корикова,Шапочки,255732-2,элегия,18,5,1
Ч.Б.Корикова,Шапочки,255732-3,элегия,18,5,1
Ч.Б.Корикова,Шапочки,255732-4,элегия,18,5,1
Ч.Б.Корикова,Шапочки,255732-5,элегия,18,5,1
Э.Г.Шиндяпова,Бурундук,383743-1,комедия,16,5,1
Э.Г.Шиндяпова,Бурундук,383743-2,комедия,16,5,1
Э.Г.Шиндяпова,Бурундук,383743-3,комедия,16,5,1
Э.Г.Шиндяпова,Бурундук,383743-4,комедия,16,5,1
Э.Г.Шиндяпова,Бурундук,383743-5,комедия,16,5,1
Г.Ю.Люстарнов,Полубархат,389471-1,комедия,16,5,2
Г.Ю.Люстарнов,Полубархат,389471-2,комедия,16,5,2
Г.Ю.Люстарнов,Полубархат,389471-3,комедия,16,5,2
Г.Ю.Люстарнов,Полубархат,389471-4,комедия,16,5,2
Г.Ю.Люстарнов,Полубархат,389471-5,комедия,16,5,2
Р.Ё.Концевич,Наматрацник,768787-1,детектив,12,5,3
Р.Ё.Концевич,Наматрацник,768787-2,детектив,12,5,3
Р.Ё.Концевич,Наматрацник,768787-3,детектив,12,5,3
Р.Ё.Концевич,Наматрацник,768787-4,детектив,12,5,3
Р.Ё.Концевич,Наматрацник,768787-5,детектив,12,5,3
Д.Я.Линкова,Фолликулы,592836-1,былина,0,5,3
Д.Я.Линкова,Фолликулы,592836-2,былина,0,5,3
Д.Я.Линкова,Фолликулы,592836-3,былина,0,5,3
Д.Я.Линкова,Фолликулы,592836-4,былина,0,5,3
Д.Я.Линкова,Фолликулы,592836-5,былина,0,5,3
Я.Г.Сергеева,Колодезник,699117-1,рассказ,0,5,1
Я.Г.Сергеева,Колодезник,699117-2,рассказ,0,5,1
Я.Г.Сергеева,Колодезник,699117-3,рассказ,0,5,1
Я.Г.Сергеева,Колодезник,699117-4,рассказ,0,5,1
Я.Г.Сергеева,Колодезник,699117-5,рассказ,0,5,1
Ж.З.Прокурашова,Застраивание,169363-1,комедия,12,5,1
Ж.З.Прокурашова,Застраивание,169363-2,комедия,12,5,1
Ж.З.Прокурашова,Застраивание,169363-3,комедия,12,5,1
Ж.З.Прокурашова,Застраивание,169363-4,комедия,12,5,1
Ж.З.Прокурашова,Застраивание,169363-5,комедия,12,5,1
Р.М.Ульев,Долинка,324154-1,пьеса,0,5,2
Р.М.Ульев,Долинка,324154-2,пьеса,0,5,2
Р.М.Ульев,Долинка,324154-3,пьеса,0,5,2
Р.М.Ульев,Долинка,324154-4,пьеса,0,5,2
Р.М.Ульев,Долинка,324154-5,пьеса,0,5,2
С.И.Режаббоева,Перловник,438514-1,элегия,0,5,1
С.И.Режаббоева,Перловник,438514-2,элегия,0,5,1
С.И.Режаббоева,Перловник,438514-3,элегия,0,5,1
С.И.Режаббоева,Перловник,438514-4,элегия,0,5,1
С.И.Режаббоева,Перловник,438514-5,элегия,0,5,1
Ц.М.Шпалов,Флексор,175336-1,комедия,16,5,0
Ц.М.Шпалов,Флексор,175336-2,комедия,16,5,0
Ц.М.Шпалов,Флексор,175336-3,комедия,16,5,0
Ц.М.Шпалов,Флексор,175336-4,комедия,16,5,0
Ц.М.Шпалов,Флексор,175336-5,комедия,16,5,0
Ц.Й.Костромичев,Передрессировывание,175979-1,ода,16,5,1
Ц.Й.Костромичев,Передрессировывание,175979-2,ода,16,5,1
Ц.Й.Костромичев,Передрессировывание,175979-3,ода,16,5,1
Ц.Й.Костромичев,Передрессировывание,175979-4,ода,16,5,1
Ц.Й.Костромичев,Передрессировывание,175979-5,ода,16,5,1
Щ.Ш.Чучкалов,Истязатель,388337-1,роман,16,5,1
Щ.Ш.Чучкалов,Истязатель,388337-2,роман,16,5,1
Щ.Ш.Чучкалов,Истязатель,388337-3,роман,16,5,1
Щ.Ш.Чучкалов,Истязатель,388337-4,роман,16,5,1
Щ.Ш.Чучкалов,Истязатель,388337-5,роман,16,5,1
Е.Л.Тарьянова,Отоларингология,981666-1,поэма,18,5,1
Е.Л.Тарьянова,Отоларингология,981666-2,поэма,18,5,1
Е.Л.Тарьянова,Отоларингология,981666-3,поэма,18,5,1
Е.Л.Тарьянова,Отоларингология,981666-4,поэма,18,5,1
Е.Л.Тарьянова,Отоларингология,981666-5,поэма,18,5,1
Г.У.Кульгельдеев,Резец,887419-1,элегия,12,5,3
Г.У.Кульгельдеев,Резец,887419-2,элегия,12,5,3
Г.У.Кульгельдеев,Резец,887419-3,элегия,12,5,3
Г.У.Кульгельдеев,Резец,887419-4,элегия,12,5,3
Г.У.Кульгельдеев,Резец,887419-5,элегия,12,5,3
У.П.Нарозникова,Политическая,199721-1,ода,18,5,4
У.П.Нарозникова,Политическая,199721-2,ода,18,5,4
У.П.Нарозникова,Политическая,199721-3,ода,18,5,4
У.П.Нарозникова,Политическая,199721-4,ода,18,5,4
У.П.Нарозникова,Политическая,199721-5,ода,18,5,4
У.В.Котрова,Госпиталь,355763-1,комедия,16,5,2
У.В.Котрова,Госпиталь,355763-2,комедия,16,5,2
У.В.Котрова,Госпиталь,355763-3,комедия,16,5,2
У.В.Котрова,Госпиталь,355763-4,комедия,16,5,2
У.В.Котрова,Госпиталь,355763-5,комедия,16,5,2
А.Э.Ликсушенков,Надворье,758783-1,пьеса,18,5,3
А.Э.Ликсушенков,Надворье,758783-2,пьеса,18,5,3
А.Э.Ликсушенков,Надворье,758783-3,пьеса,18,5,3
А.Э.Ликсушенков,Надворье,758783-4,пьеса,18,5,3
А.Э.Ликсушенков,Надворье,758783-5,пьеса,18,5,3
В.К.Чемыслова,Суфизм,863124-1,комедия,18,5,1
В.К.Чемыслова,Суфизм,863124-2,комедия,18,5,1
В.К.Чемыслова,Суфизм,863124-3,комедия,18,5,1
В.К.Чемыслова,Суфизм,863124-4,комедия,18,5,1
В.К.Чемыслова,Суфизм,863124-5,комедия,18,5,1
Й.Ё.Сырыков,Кап,678351-1,роман,18,5,1
Й.Ё.Сырыков,Кап,678351-2,роман,18,5,1
Й.Ё.Сырыков,Кап,678351-3,роман,18,5,1
Й.Ё.Сырыков,Кап,678351-4,роман,18,5,1
Й.Ё.Сырыков,Кап,678351-5,роман,18,5,1
У.Э.Епинатьева,Аониды,274559-1,поэма,12,5,0
У.Э.Епинатьева,Аониды,274559-2,поэма,12,5,0
У.Э.Епинатьева,Аониды,274559-3,поэма,12,5,0
У.Э.Епинатьева,Аониды,274559-4,поэма,12,5,0
У.Э.Епинатьева,Аониды,274559-5,поэма,12,5,0
Я.Р.Пшенбаева,Иканье,684684-1,роман,0,5,3
Я.Р.Пшенбаева,Иканье,684684-2,роман,0,5,3
Я.Р.Пшенбаева,Иканье,684684-3,роман,0,5,3
Я.Р.Пшенбаева,Иканье,684684-4,роман,0,5,3
Я.Р.Пшенбаева,Иканье,684684-5,роман,0,5,3
З.Щ.Варсанов,Нюхальщица,145597-1,детектив,0,5,1
З.Щ.Варсанов,Нюхальщица,145597-2,детектив,0,5,1
З.Щ.Варсанов,Нюхальщица,145597-3,детектив,0,5,1
З.Щ.Варсанов,Нюхальщица,145597-4,детектив,0,5,1
З.Щ.Варсанов,Нюхальщица,145597-5,детектив,0,5,1
Э.А.Парашков,Одинокий,241431-1,былина,18,5,1
Э.А.Парашков,Одинокий,241431-2,былина,18,5,1
Э.А.Парашков,Одинокий,241431-3,былина,18,5,1
Э.А.Парашков,Одинокий,241431-4,былина,18,5,1
Э.А.Парашков,Одинокий,241431-5,былина,18,5,1
И.Т.Пусков,Кутровые,417725-1,рассказ,18,5,2
И.Т.Пусков,Кутровые,417725-2,рассказ,18,5,2
И.Т.Пусков,Кутровые,417725-3,рассказ,18,5,2
И.Т.Пусков,Кутровые,417725-4,рассказ,18,5,2
И.Т.Пусков,Кутровые,417725-5,рассказ,18,5,2
И.В.Докичева,Обруч,725389-1,элегия,16,5,2
И.В.Докичева,Обруч,725389-2,элегия,16,5,2
И.В.Докичева,Обруч,725389-3,элегия,16,5,2
И.В.Докичева,Обруч,725389-4,элегия,16,5,2
И.В.Докичева,Обруч,725389-5,элегия,16,5,2
Ц.Ш.Захурова,Прививание,516324-1,пьеса,18,5,2
Ц.Ш.Захурова,Прививание,516324-2,пьеса,18,5,2
Ц.Ш.Захурова,Прививание,516324-3,пьеса,18,5,2
Ц.Ш.Захурова,Прививание,516324-4,пьеса,18,5,2
Ц.Ш.Захурова,Прививание,516324-5,пьеса,18,5,2
Н.Д.Изьюров,Кишечник,859195-1,элегия,12,5,3
Н.Д.Изьюров,Кишечник,859195-2,элегия,12,5,3
Н.Д.Изьюров,Кишечник,859195-3,элегия,12,5,3
Н.Д.Изьюров,Кишечник,859195-4,элегия,12,5,3
Н.Д.Изьюров,Кишечник,859195-5,элегия,12,5,3
К.Г.Батунова,Трескотня,242268-1,роман,16,5,1
К.Г.Батунова,Трескотня,242268-2,роман,16,5,1
К.Г.Батунова,Трескотня,242268-3,роман,16,5,1
К.Г.Батунова,Трескотня,242268-4,роман,16,5,1
К.Г.Батунова,Трескотня,242268-5,роман,16,5,1
К.Ц.Гирерушева,Подмуровка,719323-1,элегия,18,5,2
К.Ц.Гирерушева,Подмуровка,719323-2,элегия,18,5,2
К.Ц.Гирерушева,Подмуровка,719323-3,элегия,18,5,2
К.Ц.Гирерушева,Подмуровка,719323-4,элегия,18,5,2
К.Ц.Гирерушева,Подмуровка,719323-5,элегия,18,5,2
Э.В.Пухтеева,Ошурки,212711-1,поэма,18,5,1
Э.В.Пухтеева,Ошурки,212711-2,поэма,18,5,1
Э.В.Пухтеева,Ошурки,212711-3,поэма,18,5,1
Э.В.Пухтеева,Ошурки,212711-4,поэма,18,5,1
Э.В.Пухтеева,Ошурки,212711-5,поэма,18,5,1
С.С.Сиворинова,Рясофор,476427-1,поэма,12,5,1
С.С.Сиворинова,Рясофор,476427-2,поэма,12,5,1
С.С.Сиворинова,Рясофор,476427-3,поэма,12,5,1
С.С.Сиворинова,Рясофор,476427-4,поэма,12,5,1
С.С.Сиворинова,Рясофор,476427-5,поэма,12,5,1
С.Ф.Кандеров,Электроснабжение,987218-1,роман,18,5,2
С.Ф.Кандеров,Электроснабжение,987218-2,роман,18,5,2
С.Ф.Кандеров,Электроснабжение,987218-3,роман,18,5,2
С.Ф.Кандеров,Электроснабжение,987218-4,роман,18,5,2
С.Ф.Кандеров,Электроснабжение,987218-5,роман,18,5,2
Е.Т.Мамаева,Штангенциркуль,137246-1,поэма,0,5,1
Е.Т.Мамаева,Штангенциркуль,137246-2,поэма,0,5,1
Е.Т.Мамаева,Штангенциркуль,137246-3,поэма,0,5,1
Е.Т.Мамаева,Штангенциркуль,137246-4,поэма,0,5,1
Е.Т.Мамаева,Штангенциркуль,137246-5,поэма,0,5,1
Х.И.Абзалдинов,Обережной,993716-1,пьеса,12,5,1
Х.И.Абзалдинов,Обережной,993716-2,пьеса,12,5,1
Х.И.Абзалдинов,Обережной,993716-3,пьеса,12,5,1
Х.И.Абзалдинов,Обережной,993716-4,пьеса,12,5,1
Х.И.Абзалдинов,Обережной,993716-5,пьеса,12,5,1
Ш.И.Любков,Оптимизм,988224-1,пьеса,0,5,0
Ш.И.Любков,Оптимизм,988224-2,пьеса,0,5,0
Ш.И.Любков,Оптимизм,988224-3,пьеса,0,5,0
Ш.И.Любков,Оптимизм,988224-4,пьеса,0,5,0
Ш.И.Любков,Оптимизм,988224-5,пьеса,0,5,0
Н.Й.Мычев,Квас,849177-1,рассказ,16,5,2
Н.Й.Мычев,Квас,849177-2,рассказ,16,5,2
Н.Й.Мычев,Квас,849177-3,рассказ,16,5,2
Н.Й.Мычев,Квас,849177-4,рассказ,16,5,2
Н.Й.Мычев,Квас,849177-5,рассказ,16,5,2
Л.К.Дадонова,Вольнослушатель,124465-1,поэма,18,5,3
Л.К.Дадонова,Вольнослушатель,124465-2,поэма,18,5,3
Л.К.Дадонова,Вольнослушатель,124465-3,поэма,18,5,3
Л.К.Дадонова,Вольнослушатель,124465-4,поэма,18,5,3
Л.К.Дадонова,Вольнослушатель,124465-5,поэма,18,5,3
Ф.Щ.Рофиков,Черничка,489888-1,детектив,18,5,2
Ф.Щ.Рофиков,Черничка,489888-2,детектив,18,5,2
Ф.Щ.Рофиков,Черничка,489888-3,детектив,18,5,2
Ф.Щ.Рофиков,Черничка,489888-4,детектив,18,5,2
Ф.Щ.Рофиков,Черничка,489888-5,детектив,18,5,2
О.Ё.Ельева,Трелёвщик,849121-1,роман,12,5,2
О.Ё.Ельева,Трелёвщик,849121-2,роман,12,5,2
О.Ё.Ельева,Трелёвщик,849121-3,роман,12,5,2
О.Ё.Ельева,Трелёвщик,849121-4,роман,12,5,2
О.Ё.Ельева,Трелёвщик,849121-5,роман,12,5,2
Ч.Г.Багрецов,Рачок,195264-1,поэма,16,5,2
Ч.Г.Багрецов,Рачок,195264-2,поэма,16,5,2
Ч.Г.Багрецов,Рачок,195264-3,поэма,16,5,2
Ч.Г.Багрецов,Рачок,195264-4,поэма,16,5,2
Ч.Г.Багрецов,Рачок,195264-5,поэма,16,5,2
Х.С.Бойнева,Гиподинамия,112551-1,ода,18,5,2
Х.С.Бойнева,Гиподинамия,112551-2,ода,18,5,2
Х.С.Бойнева,Гиподинамия,112551-3,ода,18,5,2
Х.С.Бойнева,Гиподинамия,112551-4,ода,18,5,2
Х.С.Бойнева,Гиподинамия,112551-5,ода,18,5,2
Е.Щ.Лубаков,Нерациональность,981348-1,пьеса,16,5,0
Е.Щ.Лубаков,Нерациональность,981348-2,пьеса,16,5,0
Е.Щ.Лубаков,Нерациональность,981348-3,пьеса,16,5,0
Е.Щ.Лубаков,Нерациональность,981348-4,пьеса,16,5,0
Е.Щ.Лубаков,Нерациональность,981348-5,пьеса,16,5,0
З.С.Кушнарев,Саморазоблачение,319149-1,былина,0,5,2
З.С.Кушнарев,Саморазоблачение,319149-2,былина,0,5,2
З.С.Кушнарев,Саморазоблачение,319149-3,былина,0,5,2
З.С.Кушнарев,Саморазоблачение,319149-4,былина,0,5,2
З.С.Кушнарев,Саморазоблачение,319149-5,былина,0,5,2
Ф.Х.Шайдулллов,Сарказм,637878-1,пьеса,12,5,3
Ф.Х.Шайдулллов,Сарказм,637878-2,пьеса,12,5,3
Ф.Х.Шайдулллов,Сарказм,637878-3,пьеса,12,5,3
Ф.Х.Шайдулллов,Сарказм,637878-4,пьеса,12,5,3
Ф.Х.Шайдулллов,Сарказм,637878-5,пьеса,12,5,3
Р.Р.Клещова,Заводовладелец,293842-1,детектив,16,5,2
Р.Р.Клещова,Заводовладелец,293842-2,детектив,16,5,2
Р.Р.Клещова,Заводовладелец,293842-3,детектив,16,5,2
Р.Р.Клещова,Заводовладелец,293842-4,детектив,16,5,2
Р.Р.Клещова,Заводовладелец,293842-5,детектив,16,5,2
У.А.Убираев,Баптизм,233349-1,роман,0,5,4
У.А.Убираев,Баптизм,233349-2,роман,0,5,4
У.А.Убираев,Баптизм,233349-3,роман,0,5,4
У.А.Убираев,Баптизм,233349-4,роман,0,5,4
У.А.Убираев,Баптизм,233349-5,роман,0,5,4
Р.Е.Паричева,Прижмуривание,319478-1,роман,18,5,1
Р.Е.Паричева,Прижмуривание,319478-2,роман,18,5,1
Р.Е.Паричева,Прижмуривание,319478-3,роман,18,5,1
Р.Е.Паричева,Прижмуривание,319478-4,роман,18,5,1
Р.Е.Паричева,Прижмуривание,319478-5,роман,18,5,1
Й.Щ.Шегимбаева,Угрубление,546746-1,былина,18,5,2
Й.Щ.Шегимбаева,Угрубление,546746-2,былина,18,5,2
Й.Щ.Шегимбаева,Угрубление,546746-3,былина,18,5,2
Й.Щ.Шегимбаева,Угрубление,546746-4,былина,18,5,2
Й.Щ.Шегимбаева,Угрубление,546746-5,былина,18,5,2
Л.Ф.Чигринцева,Химеры,825999-1,элегия,18,5,2
Л.Ф.Чигринцева,Химеры,825999-2,элегия,18,5,2
Л.Ф.Чигринцева,Химеры,825999-3,элегия,18,5,2
Л.Ф.Чигринцева,Химеры,825999-4,элегия,18,5,2
Л.Ф.Чигринцева,Химеры,825999-5,элегия,18,5,2
А.Е.Вшивнов,Игуменство,494536-1,комедия,18,5,4
А.Е.Вшивнов,Игуменство,494536-2,комедия,18,5,4
А.Е.Вшивнов,Игуменство,494536-3,комедия,18,5,4
А.Е.Вшивнов,Игуменство,494536-4,комедия,18,5,4
А.Е.Вшивнов,Игуменство,494536-5,комедия,18,5,4
И.Ж.Турднева,Иудей,857788-1,детектив,0,5,0
И.Ж.Турднева,Иудей,857788-2,детектив,0,5,0
И.Ж.Турднева,Иудей,857788-3,детектив,0,5,0
И.Ж.Турднева,Иудей,857788-4,детектив,0,5,0
И.Ж.Турднева,Иудей,857788-5,детектив,0,5,0
Ю.Ж.Коногова,Мойра,263929-1,былина,0,5,0
Ю.Ж.Коногова,Мойра,263929-2,былина,0,5,0
Ю.Ж.Коногова,Мойра,263929-3,былина,0,5,0
Ю.Ж.Коногова,Мойра,263929-4,былина,0,5,0
Ю.Ж.Коногова,Мойра,263929-5,былина,0,5,0
Р.Я.Путинев,Лиловатость,928633-1,ода,18,5,1
Р.Я.Путинев,Лиловатость,928633-2,ода,18,5,1
Р.Я.Путинев,Лиловатость,928633-3,ода,18,5,1
Р.Я.Путинев,Лиловатость,928633-4,ода,18,5,1
Р.Я.Путинев,Лиловатость,928633-5,ода,18,5,1
Ц.И.Беклева,Косица,921122-1,рассказ,16,5,1
Ц.И.Беклева,Косица,921122-2,рассказ,16,5,1
Ц.И.Беклева,Косица,921122-3,рассказ,16,5,1
Ц.И.Беклева,Косица,921122-4,рассказ,16,5,1
Ц.И.Беклева,Косица,921122-5,рассказ,16,5,1
Щ.Р.Новилова,Триерование,586664-1,ода,12,5,2
Щ.Р.Новилова,Триерование,586664-2,ода,12,5,2
Щ.Р.Новилова,Триерование,586664-3,ода,12,5,2
Щ.Р.Новилова,Триерование,586664-4,ода,12,5,2
Щ.Р.Новилова,Триерование,586664-5,ода,12,5,2
К.Я.Кокурочникова,Слабина,413333-1,комедия,12,5,1
К.Я.Кокурочникова,Слабина,413333-2,комедия,12,5,1
К.Я.Кокурочникова,Слабина,413333-3,комедия,12,5,1
К.Я.Кокурочникова,Слабина,413333-4,комедия,12,5,1
К.Я.Кокурочникова,Слабина,413333-5,комедия,12,5,1
О.О.Агафоненкова,Выпечатывание,266527-1,детектив,12,5,2
О.О.Агафоненкова,Выпечатывание,266527-2,детектив,12,5,2
О.О.Агафоненкова,Выпечатывание,266527-3,детектив,12,5,2
О.О.Агафоненкова,Выпечатывание,266527-4,детектив,12,5,2
О.О.Агафоненкова,Выпечатывание,266527-5,детектив,12,5,2
И.Н.Ожгибесов,Каверзница,175522-1,роман,16,5,3
И.Н.Ожгибесов,Каверзница,175522-2,роман,16,5,3
И.Н.Ожгибесов,Каверзница,175522-3,роман,16,5,3
И.Н.Ожгибесов,Каверзница,175522-4,роман,16,5,3
И.Н.Ожгибесов,Каверзница,175522-5,роман,16,5,3
Ц.Р.Вепевцев,Правка,464434-1,рассказ,12,5,5
Ц.Р.Вепевцев,Правка,464434-2,рассказ,12,5,5
Ц.Р.Вепевцев,Правка,464434-3,рассказ,12,5,5
Ц.Р.Вепевцев,Правка,464434-4,рассказ,12,5,5
Ц.Р.Вепевцев,Правка,464434-5,рассказ,12,5,5
Д.Х.Кологравова,Брифинг,466759-1,ода,12,5,1
Д.Х.Кологравова,Брифинг,466759-2,ода,12,5,1
Д.Х.Кологравова,Брифинг,466759-3,ода,12,5,1
Д.Х.Кологравова,Брифинг,466759-4,ода,12,5,1
Д.Х.Кологравова,Брифинг,466759-5,ода,12,5,1
М.Р.Гонюкова,Грассирование,924726-1,комедия,0,5,0
М.Р.Гонюкова,Грассирование,924726-2,комедия,0,5,0
М.Р.Гонюкова,Грассирование,924726-3,комедия,0,5,0
М.Р.Гонюкова,Грассирование,924726-4,комедия,0,5,0
М.Р.Гонюкова,Грассирование,924726-5,комедия,0,5,0
Ц.Л.Чигинова,Ложкомойка,568571-1,поэма,18,5,1
Ц.Л.Чигинова,Ложкомойка,568571-2,поэма,18,5,1
Ц.Л.Чигинова,Ложкомойка,568571-3,поэма,18,5,1
Ц.Л.Чигинова,Ложкомойка,568571-4,поэма,18,5,1
Ц.Л.Чигинова,Ложкомойка,568571-5,поэма,18,5,1
К.Й.Фирулев,Хворост,596937-1,роман,16,5,2
К.Й.Фирулев,Хворост,596937-2,роман,16,5,2
К.Й.Фирулев,Хворост,596937-3,роман,16,5,2
К.Й.Фирулев,Хворост,596937-4,роман,16,5,2
К.Й.Фирулев,Хворост,596937-5,роман,16,5,2
Э.Ц.Маругов,Взвар,997398-1,роман,18,5,1
Э.Ц.Маругов,Взвар,997398-2,роман,18,5,1
Э.Ц.Маругов,Взвар,997398-3,роман,18,5,1
Э.Ц.Маругов,Взвар,997398-4,роман,18,5,1
Э.Ц.Маругов,Взвар,997398-5,роман,18,5,1
Ц.П.Посленкова,Квадриллион,493396-1,детектив,16,5,1
Ц.П.Посленкова,Квадриллион,493396-2,детектив,16,5,1
Ц.П.Посленкова,Квадриллион,493396-3,детектив,16,5,1
Ц.П.Посленкова,Квадриллион,493396-4,детектив,16,5,1
Ц.П.Посленкова,Квадриллион,493396-5,детектив,16,5,1
Г.З.Бурминова,Разъединитель,514685-1,пьеса,0,5,1
Г.З.Бурминова,Разъединитель,514685-2,пьеса,0,5,1
Г.З.Бурминова,Разъединитель,514685-3,пьеса,0,5,1
Г.З.Бурминова,Разъединитель,514685-4,пьеса,0,5,1
Г.З.Бурминова,Разъединитель,514685-5,пьеса,0,5,1
Ю.Т.Исанов,Сношенька,514137-1,роман,0,5,1
Ю.Т.Исанов,Сношенька,514137-2,роман,0,5,1
Ю.Т.Исанов,Сношенька,514137-3,роман,0,5,1
Ю.Т.Исанов,Сношенька,514137-4,роман,0,5,1
Ю.Т.Исанов,Сношенька,514137-5,роман,0,5,1
В.У.Берликова,Диана,545918-1,комедия,0,5,3
В.У.Берликова,Диана,545918-2,комедия,0,5,3
В.У.Берликова,Диана,545918-3,комедия,0,5,3
В.У.Берликова,Диана,545918-4,комедия,0,5,3
В.У.Берликова,Диана,545918-5,комедия,0,5,3
П.Й.Лозбеков,Мнительность,535979-1,комедия,12,5,1
П.Й.Лозбеков,Мнительность,535979-2,комедия,12,5,1
П.Й.Лозбеков,Мнительность,535979-3,комедия,12,5,1
П.Й.Лозбеков,Мнительность,535979-4,комедия,12,5,1
П.Й.Лозбеков,Мнительность,535979-5,комедия,12,5,1
С.Ч.Яушева,Мастерок,527858-1,ода,0,5,2
С.Ч.Яушева,Мастерок,527858-2,ода,0,5,2
С.Ч.Яушева,Мастерок,527858-3,ода,0,5,2
С.Ч.Яушева,Мастерок,527858-4,ода,0,5,2
С.Ч.Яушева,Мастерок,527858-5,ода,0,5,2
О.Е.Адельбаев,Ничтожество,631271-1,детектив,12,5,3
О.Е.Адельбаев,Ничтожество,631271-2,детектив,12,5,3
О.Е.Адельбаев,Ничтожество,631271-3,детектив,12,5,3
О.Е.Адельбаев,Ничтожество,631271-4,детектив,12,5,3
О.Е.Адельбаев,Ничтожество,631271-5,детектив,12,5,3
П.Я.Курчукова,Папаня,937174-1,былина,12,5,1
П.Я.Курчукова,Папаня,937174-2,былина,12,5,1
П.Я.Курчукова,Папаня,937174-3,былина,12,5,1
П.Я.Курчукова,Папаня,937174-4,былина,12,5,1
П.Я.Курчукова,Папаня,937174-5,былина,12,5,1
Т.З.Нужденкова,Вирша,371858-1,рассказ,18,5,0
Т.З.Нужденкова,Вирша,371858-2,рассказ,18,5,0
Т.З.Нужденкова,Вирша,371858-3,рассказ,18,5,0
Т.З.Нужденкова,Вирша,371858-4,рассказ,18,5,0
Т.З.Нужденкова,Вирша,371858-5,рассказ,18,5,0
Ж.Г.Драгальцев,Испольщина,268261-1,роман,16,5,2
Ж.Г.Драгальцев,Испольщина,268261-2,роман,16,5,2
Ж.Г.Драгальцев,Испольщина,268261-3,роман,16,5,2
Ж.Г.Драгальцев,Испольщина,268261-4,роман,16,5,2
Ж.Г.Драгальцев,Испольщина,268261-5,роман,16,5,2
А.Ц.Черпальчев,Перегнаивание,344463-1,роман,0,5,3
А.Ц.Черпальчев,Перегнаивание,344463-2,роман,0,5,3
А.Ц.Черпальчев,Перегнаивание,344463-3,роман,0,5,3
А.Ц.Черпальчев,Перегнаивание,344463-4,роман,0,5,3
А.Ц.Черпальчев,Перегнаивание,344463-5,роман,0,5,3
Й.Щ.Балыченкова,Эльф,677271-1,былина,18,5,1
Й.Щ.Балыченкова,Эльф,677271-2,былина,18,5,1
Й.Щ.Балыченкова,Эльф,677271-3,былина,18,5,1
Й.Щ.Балыченкова,Эльф,677271-4,былина,18,5,1
Й.Щ.Балыченкова,Эльф,677271-5,былина,18,5,1
Ё.С.Богавиев,Графит,728559-1,роман,0,5,2
Ё.С.Богавиев,Графит,728559-2,роман,0,5,2
Ё.С.Богавиев,Графит,728559-3,роман,0,5,2
Ё.С.Богавиев,Графит,728559-4,роман,0,5,2
Ё.С.Богавиев,Графит,728559-5,роман,0,5,2
Й.М.Ишкаев,Венгерское,582837-1,былина,18,5,1
Й.М.Ишкаев,Венгерское,582837-2,былина,18,5,1
Й.М.Ишкаев,Венгерское,582837-3,былина,18,5,1
Й.М.Ишкаев,Венгерское,582837-4,былина,18,5,1
Й.М.Ишкаев,Венгерское,582837-5,былина,18,5,1
Н.У.Кривелева,Своевольничание,734215-1,ода,16,5,2
Н.У.Кривелева,Своевольничание,734215-2,ода,16,5,2
Н.У.Кривелева,Своевольничание,734215-3,ода,16,5,2
Н.У.Кривелева,Своевольничание,734215-4,ода,16,5,2
Н.У.Кривелева,Своевольничание,734215-5,ода,16,5,2
Е.К.Фаттекова,Беспутница,729745-1,рассказ,0,5,2
Е.К.Фаттекова,Беспутница,729745-2,рассказ,0,5,2
Е.К.Фаттекова,Беспутница,729745-3,рассказ,0,5,2
Е.К.Фаттекова,Беспутница,729745-4,рассказ,0,5,2
Е.К.Фаттекова,Беспутница,729745-5,рассказ,0,5,2
Ф.Я.Курикова,Заявление,315411-1,элегия,0,5,2
Ф.Я.Курикова,Заявление,315411-2,элегия,0,5,2
Ф.Я.Курикова,Заявление,315411-3,элегия,0,5,2
Ф.Я.Курикова,Заявление,315411-4,элегия,0,5,2
Ф.Я.Курикова,Заявление,315411-5,элегия,0,5,2
Б.Б.Чаплеева,Ветошь,671252-1,рассказ,18,5,1
Б.Б.Чаплеева,Ветошь,671252-2,рассказ,18,5,1
Б.Б.Чаплеева,Ветошь,671252-3,рассказ,18,5,1
Б.Б.Чаплеева,Ветошь,671252-4,рассказ,18,5,1
Б.Б.Чаплеева,Ветошь,671252-5,рассказ,18,5,1
Ф.К.Бассталов,Югричи,251172-1,рассказ,16,5,1
Ф.К.Бассталов,Югричи,251172-2,рассказ,16,5,1
Ф.К.Бассталов,Югричи,251172-3,рассказ,16,5,1
Ф.К.Бассталов,Югричи,251172-4,рассказ,16,5,1
Ф.К.Бассталов,Югричи,251172-5,рассказ,16,5,1
И.В.Мокрогузов,Канцелярист,527352-1,былина,0,5,1
И.В.Мокрогузов,Канцелярист,527352-2,былина,0,5,1
И.В.Мокрогузов,Канцелярист,527352-3,былина,0,5,1
И.В.Мокрогузов,Канцелярист,527352-4,былина,0,5,1
И.В.Мокрогузов,Канцелярист,527352-5,былина,0,5,1
Ё.Ш.Щигачев,Фототропизм,119962-1,ода,18,5,2
Ё.Ш.Щигачев,Фототропизм,119962-2,ода,18,5,2
Ё.Ш.Щигачев,Фототропизм,119962-3,ода,18,5,2
Ё.Ш.Щигачев,Фототропизм,119962-4,ода,18,5,2
Ё.Ш.Щигачев,Фототропизм,119962-5,ода,18,5,2
Х.З.Снегорьков,Закрутка,114457-1,детектив,16,5,2
Х.З.Снегорьков,Закрутка,114457-2,детектив,16,5,2
Х.З.Снегорьков,Закрутка,114457-3,детектив,16,5,2
Х.З.Снегорьков,Закрутка,114457-4,детектив,16,5,2
Х.З.Снегорьков,Закрутка,114457-5,детектив,16,5,2
Ж.Ж.Саатсазова,Чембало,841599-1,элегия,12,5,2
Ж.Ж.Саатсазова,Чембало,841599-2,элегия,12,5,2
Ж.Ж.Саатсазова,Чембало,841599-3,элегия,12,5,2
Ж.Ж.Саатсазова,Чембало,841599-4,элегия,12,5,2
Ж.Ж.Саатсазова,Чембало,841599-5,элегия,12,5,2
В.М.Тулукова,Юмористика,428835-1,элегия,12,5,0
В.М.Тулукова,Юмористика,428835-2,элегия,12,5,0
В.М.Тулукова,Юмористика,428835-3,элегия,12,5,0
В.М.Тулукова,Юмористика,428835-4,элегия,12,5,0
В.М.Тулукова,Юмористика,428835-5,элегия,12,5,0
Х.Х.Муролиев,Пьеза,666624-1,детектив,0,5,2
Х.Х.Муролиев,Пьеза,666624-2,детектив,0,5,2
Х.Х.Муролиев,Пьеза,666624-3,детектив,0,5,2
Х.Х.Муролиев,Пьеза,666624-4,детектив,0,5,2
Х.Х.Муролиев,Пьеза,666624-5,детектив,0,5,2
Щ.Л.Лемехов,Всхолмление,567599-1,пьеса,18,5,1
Щ.Л.Лемехов,Всхолмление,567599-2,пьеса,18,5,1
Щ.Л.Лемехов,Всхолмление,567599-3,пьеса,18,5,1
Щ.Л.Лемехов,Всхолмление,567599-4,пьеса,18,5,1
Щ.Л.Лемехов,Всхолмление,567599-5,пьеса,18,5,1
С.Х.Языков,Миллиграмм,137468-1,былина,16,5,3
С.Х.Языков,Миллиграмм,137468-2,былина,16,5,3
С.Х.Языков,Миллиграмм,137468-3,былина,16,5,3
С.Х.Языков,Миллиграмм,137468-4,былина,16,5,3
С.Х.Языков,Миллиграмм,137468-5,былина,16,5,3
А.Э.Завалейкова,Зернодробилка,378634-1,былина,12,5,2
А.Э.Завалейкова,Зернодробилка,378634-2,былина,12,5,2
А.Э.Завалейкова,Зернодробилка,378634-3,былина,12,5,2
А.Э.Завалейкова,Зернодробилка,378634-4,былина,12,5,2
А.Э.Завалейкова,Зернодробилка,378634-5,былина,12,5,2
Ф.А.Волоскович,Подгрузка,491736-1,поэма,0,5,3
Ф.А.Волоскович,Подгрузка,491736-2,поэма,0,5,3
Ф.А.Волоскович,Подгрузка,491736-3,поэма,0,5,3
Ф.А.Волоскович,Подгрузка,491736-4,поэма,0,5,3
Ф.А.Волоскович,Подгрузка,491736-5,поэма,0,5,3
Ш.Ч.Астфуров,Неразъяснимость,312252-1,роман,12,5,3
Ш.Ч.Астфуров,Неразъяснимость,312252-2,роман,12,5,3
Ш.Ч.Астфуров,Неразъяснимость,312252-3,роман,12,5,3
Ш.Ч.Астфуров,Неразъяснимость,312252-4,роман,12,5,3
Ш.Ч.Астфуров,Неразъяснимость,312252-5,роман,12,5,3
Ш.Щ.Гончугова,Пассажиро-Километр,252719-1,былина,0,5,1
Ш.Щ.Гончугова,Пассажиро-Километр,252719-2,былина,0,5,1
Ш.Щ.Гончугова,Пассажиро-Километр,252719-3,былина,0,5,1
Ш.Щ.Гончугова,Пассажиро-Километр,252719-4,былина,0,5,1
Ш.Щ.Гончугова,Пассажиро-Километр,252719-5,былина,0,5,1
Н.А.Чепуштанова,Избиение,536193-1,комедия,12,5,2
Н.А.Чепуштанова,Избиение,536193-2,комедия,12,5,2
Н.А.Чепуштанова,Избиение,536193-3,комедия,12,5,2
Н.А.Чепуштанова,Избиение,536193-4,комедия,12,5,2
Н.А.Чепуштанова,Избиение,536193-5,комедия,12,5,2
Ю.Х.Боганцева,Книжник,961769-1,поэма,12,5,3
Ю.Х.Боганцева,Книжник,961769-2,поэма,12,5,3
Ю.Х.Боганцева,Книжник,961769-3,поэма,12,5,3
Ю.Х.Боганцева,Книжник,961769-4,поэма,12,5,3
Ю.Х.Боганцева,Книжник,961769-5,поэма,12,5,3
Ш.Ё.Курбанов,Пеногон,843448-1,пьеса,12,5,0
Ш.Ё.Курбанов,Пеногон,843448-2,пьеса,12,5,0
Ш.Ё.Курбанов,Пеногон,843448-3,пьеса,12,5,0
Ш.Ё.Курбанов,Пеногон,843448-4,пьеса,12,5,0
Ш.Ё.Курбанов,Пеногон,843448-5,пьеса,12,5,0
С.Н.Брыксенкова,Алеутка,397323-1,поэма,12,5,1
С.Н.Брыксенкова,Алеутка,397323-2,поэма,12,5,1
С.Н.Брыксенкова,Алеутка,397323-3,поэма,12,5,1
С.Н.Брыксенкова,Алеутка,397323-4,поэма,12,5,1
С.Н.Брыксенкова,Алеутка,397323-5,поэма,12,5,1
Г.У.Аббязова,Пересказывание,892688-1,детектив,12,5,2
Г.У.Аббязова,Пересказывание,892688-2,детектив,12,5,2
Г.У.Аббязова,Пересказывание,892688-3,детектив,12,5,2
Г.У.Аббязова,Пересказывание,892688-4,детектив,12,5,2
Г.У.Аббязова,Пересказывание,892688-5,детектив,12,5,2
О.И.Токуев,Вывод,679343-1,рассказ,12,5,0
О.И.Токуев,Вывод,679343-2,рассказ,12,5,0
О.И.Токуев,Вывод,679343-3,рассказ,12,5,0
О.И.Токуев,Вывод,679343-4,рассказ,12,5,0
О.И.Токуев,Вывод,679343-5,рассказ,12,5,0
Й.Э.Курдинков,Ближний,188922-1,комедия,0,5,0
Й.Э.Курдинков,Ближний,188922-2,комедия,0,5,0
Й.Э.Курдинков,Ближний,188922-3,комедия,0,5,0
Й.Э.Курдинков,Ближний,188922-4,комедия,0,5,0
Й.Э.Курдинков,Ближний,188922-5,комедия,0,5,0
Ю.Ц.Ивников,Обсахаривание,957753-1,детектив,16,5,1
Ю.Ц.Ивников,Обсахаривание,957753-2,детектив,16,5,1
Ю.Ц.Ивников,Обсахаривание,957753-3,детектив,16,5,1
Ю.Ц.Ивников,Обсахаривание,957753-4,детектив,16,5,1
Ю.Ц.Ивников,Обсахаривание,957753-5,детектив,16,5,1
Н.У.Гриценков,Демонстрирование,833189-1,элегия,12,5,1
Н.У.Гриценков,Демонстрирование,833189-2,элегия,12,5,1
Н.У.Гриценков,Демонстрирование,833189-3,элегия,12,5,1
Н.У.Гриценков,Демонстрирование,833189-4,элегия,12,5,1
Н.У.Гриценков,Демонстрирование,833189-5,элегия,12,5,1
Б.Г.Лащенов,Телеустановка,158836-1,поэма,0,5,1
Б.Г.Лащенов,Телеустановка,158836-2,поэма,0,5,1
Б.Г.Лащенов,Телеустановка,158836-3,поэма,0,5,1
Б.Г.Лащенов,Телеустановка,158836-4,поэма,0,5,1
Б.Г.Лащенов,Телеустановка,158836-5,поэма,0,5,1
Е.Г.Зулкарниев,Прокламация,266268-1,детектив,12,5,3
Е.Г.Зулкарниев,Прокламация,266268-2,детектив,12,5,3
Е.Г.Зулкарниев,Прокламация,266268-3,детектив,12,5,3
Е.Г.Зулкарниев,Прокламация,266268-4,детектив,12,5,3
Е.Г.Зулкарниев,Прокламация,266268-5,детектив,12,5,3
П.Е.Голосева,Смушка,378548-1,роман,16,5,1
П.Е.Голосева,Смушка,378548-2,роман,16,5,1
П.Е.Голосева,Смушка,378548-3,роман,16,5,1
П.Е.Голосева,Смушка,378548-4,роман,16,5,1
П.Е.Голосева,Смушка,378548-5,роман,16,5,1
П.Ш.Ульянеева,Селянин,993175-1,детектив,16,5,1
П.Ш.Ульянеева,Селянин,993175-2,детектив,16,5,1
П.Ш.Ульянеева,Селянин,993175-3,детектив,16,5,1
П.Ш.Ульянеева,Селянин,993175-4,детектив,16,5,1
П.Ш.Ульянеева,Селянин,993175-5,детектив,16,5,1
И.О.Харатьянова,Стопа,383273-1,ода,0,5,1
И.О.Харатьянова,Стопа,383273-2,ода,0,5,1
И.О.Харатьянова,Стопа,383273-3,ода,0,5,1
И.О.Харатьянова,Стопа,383273-4,ода,0,5,1
И.О.Харатьянова,Стопа,383273-5,ода,0,5,1
Г.О.Шемхов,Велосипед,284647-1,элегия,0,5,1
Г.О.Шемхов,Велосипед,284647-2,элегия,0,5,1
Г.О.Шемхов,Велосипед,284647-3,элегия,0,5,1
Г.О.Шемхов,Велосипед,284647-4,элегия,0,5,1
Г.О.Шемхов,Велосипед,284647-5,элегия,0,5,1
А.Т.Хомидов,Бударка,667632-1,рассказ,0,5,1
А.Т.Хомидов,Бударка,667632-2,рассказ,0,5,1
А.Т.Хомидов,Бударка,667632-3,рассказ,0,5,1
А.Т.Хомидов,Бударка,667632-4,рассказ,0,5,1
А.Т.Хомидов,Бударка,667632-5,рассказ,0,5,1
Б.Ж.Фетисова,Деляна,882312-1,рассказ,18,5,1
Б.Ж.Фетисова,Деляна,882312-2,рассказ,18,5,1
Б.Ж.Фетисова,Деляна,882312-3,рассказ,18,5,1
Б.Ж.Фетисова,Деляна,882312-4,рассказ,18,5,1
Б.Ж.Фетисова,Деляна,882312-5,рассказ,18,5,1
Я.Н.Екимцева,Столетие,472432-1,роман,16,5,1
Я.Н.Екимцева,Столетие,472432-2,роман,16,5,1
Я.Н.Екимцева,Столетие,472432-3,роман,16,5,1
Я.Н.Екимцева,Столетие,472432-4,роман,16,5,1
Я.Н.Екимцева,Столетие,472432-5,роман,16,5,1
Ё.З.Курпатенков,Журналишко,335814-1,поэма,12,5,2
Ё.З.Курпатенков,Журналишко,335814-2,поэма,12,5,2
Ё.З.Курпатенков,Журналишко,335814-3,поэма,12,5,2
Ё.З.Курпатенков,Журналишко,335814-4,поэма,12,5,2
Ё.З.Курпатенков,Журналишко,335814-5,поэма,12,5,2
Р.Н.Комачков,Ихтиоз,944112-1,былина,12,5,1
Р.Н.Комачков,Ихтиоз,944112-2,былина,12,5,1
Р.Н.Комачков,Ихтиоз,944112-3,былина,12,5,1
Р.Н.Комачков,Ихтиоз,944112-4,былина,12,5,1
Р.Н.Комачков,Ихтиоз,944112-5,былина,12,5,1
З.Б.Ездокова,Зенитчица,145787-1,рассказ,18,5,2
З.Б.Ездокова,Зенитчица,145787-2,рассказ,18,5,2
З.Б.Ездокова,Зенитчица,145787-3,рассказ,18,5,2
З.Б.Ездокова,Зенитчица,145787-4,рассказ,18,5,2
З.Б.Ездокова,Зенитчица,145787-5,рассказ,18,5,2
Т.В.Кининеев,Обводчик,229319-1,элегия,12,5,1
Т.В.Кининеев,Обводчик,229319-2,элегия,12,5,1
Т.В.Кининеев,Обводчик,229319-3,элегия,12,5,1
Т.В.Кининеев,Обводчик,229319-4,элегия,12,5,1
Т.В.Кининеев,Обводчик,229319-5,элегия,12,5,1
Й.Р.Здельникова,Штокфиш,314366-1,поэма,16,5,1
Й.Р.Здельникова,Штокфиш,314366-2,поэма,16,5,1
Й.Р.Здельникова,Штокфиш,314366-3,поэма,16,5,1
Й.Р.Здельникова,Штокфиш,314366-4,поэма,16,5,1
Й.Р.Здельникова,Штокфиш,314366-5,поэма,16,5,1
Я.Щ.Мешлова,Сернистость,546163-1,рассказ,12,5,1
Я.Щ.Мешлова,Сернистость,546163-2,рассказ,12,5,1
Я.Щ.Мешлова,Сернистость,546163-3,рассказ,12,5,1
Я.Щ.Мешлова,Сернистость,546163-4,рассказ,12,5,1
Я.Щ.Мешлова,Сернистость,546163-5,рассказ,12,5,1
Р.Э.Литяева,Прочувствование,844385-1,элегия,18,5,0
Р.Э.Литяева,Прочувствование,844385-2,элегия,18,5,0
Р.Э.Литяева,Прочувствование,844385-3,элегия,18,5,0
Р.Э.Литяева,Прочувствование,844385-4,элегия,18,5,0
Р.Э.Литяева,Прочувствование,844385-5,элегия,18,5,0
Р.Ц.Трусикова,Маляр,553286-1,рассказ,16,5,0
Р.Ц.Трусикова,Маляр,553286-2,рассказ,16,5,0
Р.Ц.Трусикова,Маляр,553286-3,рассказ,16,5,0
Р.Ц.Трусикова,Маляр,553286-4,рассказ,16,5,0
Р.Ц.Трусикова,Маляр,553286-5,рассказ,16,5,0
Я.Т.Педерова,Перенасыщенность,311377-1,комедия,12,5,1
Я.Т.Педерова,Перенасыщенность,311377-2,комедия,12,5,1
Я.Т.Педерова,Перенасыщенность,311377-3,комедия,12,5,1
Я.Т.Педерова,Перенасыщенность,311377-4,комедия,12,5,1
Я.Т.Педерова,Перенасыщенность,311377-5,комедия,12,5,1
Е.Л.Афаунов,Капканщик,943466-1,детектив,12,5,0
Е.Л.Афаунов,Капканщик,943466-2,детектив,12,5,0
Е.Л.Афаунов,Капканщик,943466-3,детектив,12,5,0
Е.Л.Афаунов,Капканщик,943466-4,детектив,12,5,0
Е.Л.Афаунов,Капканщик,943466-5,детектив,12,5,0
Э.Р.Астрощенкова,Пушица,651884-1,ода,0,5,1
Э.Р.Астрощенкова,Пушица,651884-2,ода,0,5,1
Э.Р.Астрощенкова,Пушица,651884-3,ода,0,5,1
Э.Р.Астрощенкова,Пушица,651884-4,ода,0,5,1
Э.Р.Астрощенкова,Пушица,651884-5,ода,0,5,1
И.М.Мигурова,Насмешливость,138543-1,комедия,12,5,3
И.М.Мигурова,Насмешливость,138543-2,комедия,12,5,3
И.М.Мигурова,Насмешливость,138543-3,комедия,12,5,3
И.М.Мигурова,Насмешливость,138543-4,комедия,12,5,3
И.М.Мигурова,Насмешливость,138543-5,комедия,12,5,3
Й.У.Демелбханова,Печенег,732241-1,поэма,16,5,0
Й.У.Демелбханова,Печенег,732241-2,поэма,16,5,0
Й.У.Демелбханова,Печенег,732241-3,поэма,16,5,0
Й.У.Демелбханова,Печенег,732241-4,поэма,16,5,0
Й.У.Демелбханова,Печенег,732241-5,поэма,16,5,0
Ч.У.Перепукова,Сыск,967452-1,рассказ,12,5,2
Ч.У.Перепукова,Сыск,967452-2,рассказ,12,5,2
Ч.У.Перепукова,Сыск,967452-3,рассказ,12,5,2
Ч.У.Перепукова,Сыск,967452-4,рассказ,12,5,2
Ч.У.Перепукова,Сыск,967452-5,рассказ,12,5,2
Д.Ч.Тумысова,Фасция,661416-1,комедия,12,5,2
Д.Ч.Тумысова,Фасция,661416-2,комедия,12,5,2
Д.Ч.Тумысова,Фасция,661416-3,комедия,12,5,2
Д.Ч.Тумысова,Фасция,661416-4,комедия,12,5,2
Д.Ч.Тумысова,Фасция,661416-5,комедия,12,5,2
Б.Й.Зелененкова,Стукалка,176686-1,элегия,12,5,1
Б.Й.Зелененкова,Стукалка,176686-2,элегия,12,5,1
Б.Й.Зелененкова,Стукалка,176686-3,элегия,12,5,1
Б.Й.Зелененкова,Стукалка,176686-4,элегия,12,5,1
Б.Й.Зелененкова,Стукалка,176686-5,элегия,12,5,1
С.Н.Бозоев,Цибуля,269499-1,пьеса,18,5,0
С.Н.Бозоев,Цибуля,269499-2,пьеса,18,5,0
С.Н.Бозоев,Цибуля,269499-3,пьеса,18,5,0
С.Н.Бозоев,Цибуля,269499-4,пьеса,18,5,0
С.Н.Бозоев,Цибуля,269499-5,пьеса,18,5,0
Я.П.Щекалов,Справа,622186-1,элегия,16,5,3
Я.П.Щекалов,Справа,622186-2,элегия,16,5,3
Я.П.Щекалов,Справа,622186-3,элегия,16,5,3
Я.П.Щекалов,Справа,622186-4,элегия,16,5,3
Я.П.Щекалов,Справа,622186-5,элегия,16,5,3
Б.П.Полурядников,Врачевательница,222361-1,пьеса,16,5,3
Б.П.Полурядников,Врачевательница,222361-2,пьеса,16,5,3
Б.П.Полурядников,Врачевательница,222361-3,пьеса,16,5,3
Б.П.Полурядников,Врачевательница,222361-4,пьеса,16,5,3
Б.П.Полурядников,Врачевательница,222361-5,пьеса,16,5,3
Ё.Т.Анопова,Забористость,881118-1,элегия,0,5,0
Ё.Т.Анопова,Забористость,881118-2,элегия,0,5,0
Ё.Т.Анопова,Забористость,881118-3,элегия,0,5,0
Ё.Т.Анопова,Забористость,881118-4,элегия,0,5,0
Ё.Т.Анопова,Забористость,881118-5,элегия,0,5,0
О.Щ.Белобрудова,Фланкировка,514385-1,элегия,16,5,1
О.Щ.Белобрудова,Фланкировка,514385-2,элегия,16,5,1
О.Щ.Белобрудова,Фланкировка,514385-3,элегия,16,5,1
О.Щ.Белобрудова,Фланкировка,514385-4,элегия,16,5,1
О.Щ.Белобрудова,Фланкировка,514385-5,элегия,16,5,1
Ж.З.Челеденков,Переменные,236175-1,поэма,16,5,1
Ж.З.Челеденков,Переменные,236175-2,поэма,16,5,1
Ж.З.Челеденков,Переменные,236175-3,поэма,16,5,1
Ж.З.Челеденков,Переменные,236175-4,поэма,16,5,1
Ж.З.Челеденков,Переменные,236175-5,поэма,16,5,1
Ц.Ц.Трехполуднев,Леспромхоз,851718-1,комедия,0,5,1
Ц.Ц.Трехполуднев,Леспромхоз,851718-2,комедия,0,5,1
Ц.Ц.Трехполуднев,Леспромхоз,851718-3,комедия,0,5,1
Ц.Ц.Трехполуднев,Леспромхоз,851718-4,комедия,0,5,1
Ц.Ц.Трехполуднев,Леспромхоз,851718-5,комедия,0,5,1
Й.Я.Терлюкевич,Бандерилья,132513-1,элегия,18,5,1
Й.Я.Терлюкевич,Бандерилья,132513-2,элегия,18,5,1
Й.Я.Терлюкевич,Бандерилья,132513-3,элегия,18,5,1
Й.Я.Терлюкевич,Бандерилья,132513-4,элегия,18,5,1
Й.Я.Терлюкевич,Бандерилья,132513-5,элегия,18,5,1
Э.Б.Цыгоняева,Демаркация,115688-1,элегия,0,5,2
Э.Б.Цыгоняева,Демаркация,115688-2,элегия,0,5,2
Э.Б.Цыгоняева,Демаркация,115688-3,элегия,0,5,2
Э.Б.Цыгоняева,Демаркация,115688-4,элегия,0,5,2
Э.Б.Цыгоняева,Демаркация,115688-5,элегия,0,5,2
Х.Т.Орданович,Царевна,179394-1,пьеса,12,5,1
Х.Т.Орданович,Царевна,179394-2,пьеса,12,5,1
Х.Т.Орданович,Царевна,179394-3,пьеса,12,5,1
Х.Т.Орданович,Царевна,179394-4,пьеса,12,5,1
Х.Т.Орданович,Царевна,179394-5,пьеса,12,5,1
П.Щ.Карцев,Паляница,161959-1,ода,12,5,2
П.Щ.Карцев,Паляница,161959-2,ода,12,5,2
П.Щ.Карцев,Паляница,161959-3,ода,12,5,2
П.Щ.Карцев,Паляница,161959-4,ода,12,5,2
П.Щ.Карцев,Паляница,161959-5,ода,12,5,2
Р.Д.Жижаев,Кисет,741622-1,былина,16,5,2
Р.Д.Жижаев,Кисет,741622-2,былина,16,5,2
Р.Д.Жижаев,Кисет,741622-3,былина,16,5,2
Р.Д.Жижаев,Кисет,741622-4,былина,16,5,2
Р.Д.Жижаев,Кисет,741622-5,былина,16,5,2
Г.Т.Понятаев,Безболезненность,254329-1,поэма,16,5,2
Г.Т.Понятаев,Безболезненность,254329-2,поэма,16,5,2
Г.Т.Понятаев,Безболезненность,254329-3,поэма,16,5,2
Г.Т.Понятаев,Безболезненность,254329-4,поэма,16,5,2
Г.Т.Понятаев,Безболезненность,254329-5,поэма,16,5,2
К.А.Синчугов,Гомология,747843-1,рассказ,16,5,1
К.А.Синчугов,Гомология,747843-2,рассказ,16,5,1
К.А.Синчугов,Гомология,747843-3,рассказ,16,5,1
К.А.Синчугов,Гомология,747843-4,рассказ,16,5,1
К.А.Синчугов,Гомология,747843-5,рассказ,16,5,1
И.Я.Чопалавов,Протяжённость,972365-1,детектив,18,5,0
И.Я.Чопалавов,Протяжённость,972365-2,детектив,18,5,0
И.Я.Чопалавов,Протяжённость,972365-3,детектив,18,5,0
И.Я.Чопалавов,Протяжённость,972365-4,детектив,18,5,0
И.Я.Чопалавов,Протяжённость,972365-5,детектив,18,5,0
Т.О.Гереева,Спортсмен,642219-1,детектив,12,5,1
Т.О.Гереева,Спортсмен,642219-2,детектив,12,5,1
Т.О.Гереева,Спортсмен,642219-3,детектив,12,5,1
Т.О.Гереева,Спортсмен,642219-4,детектив,12,5,1
Т.О.Гереева,Спортсмен,642219-5,детектив,12,5,1
Ф.Л.Стахов,Оконщик,335265-1,детектив,16,5,2
Ф.Л.Стахов,Оконщик,335265-2,детектив,16,5,2
Ф.Л.Стахов,Оконщик,335265-3,детектив,16,5,2
Ф.Л.Стахов,Оконщик,335265-4,детектив,16,5,2
Ф.Л.Стахов,Оконщик,335265-5,детектив,16,5,2
Ё.К.Бабукова,Баклуша,284274-1,комедия,0,5,2
Ё.К.Бабукова,Баклуша,284274-2,комедия,0,5,2
Ё.К.Бабукова,Баклуша,284274-3,комедия,0,5,2
Ё.К.Бабукова,Баклуша,284274-4,комедия,0,5,2
Ё.К.Бабукова,Баклуша,284274-5,комедия,0,5,2
Л.Д.Куцепова,Вояжировка,622486-1,комедия,12,5,2
Л.Д.Куцепова,Вояжировка,622486-2,комедия,12,5,2
Л.Д.Куцепова,Вояжировка,622486-3,комедия,12,5,2
Л.Д.Куцепова,Вояжировка,622486-4,комедия,12,5,2
Л.Д.Куцепова,Вояжировка,622486-5,комедия,12,5,2
П.Щ.Куженова,Закаменелость,849429-1,детектив,12,5,1
П.Щ.Куженова,Закаменелость,849429-2,детектив,12,5,1
П.Щ.Куженова,Закаменелость,849429-3,детектив,12,5,1
П.Щ.Куженова,Закаменелость,849429-4,детектив,12,5,1
П.Щ.Куженова,Закаменелость,849429-5,детектив,12,5,1
Ш.В.Брышков,Сумеречность,485459-1,поэма,18,5,3
Ш.В.Брышков,Сумеречность,485459-2,поэма,18,5,3
Ш.В.Брышков,Сумеречность,485459-3,поэма,18,5,3
Ш.В.Брышков,Сумеречность,485459-4,поэма,18,5,3
Ш.В.Брышков,Сумеречность,485459-5,поэма,18,5,3
Й.У.Ганяева,Фанерщик,564478-1,былина,12,5,2
Й.У.Ганяева,Фанерщик,564478-2,былина,12,5,2
Й.У.Ганяева,Фанерщик,564478-3,былина,12,5,2
Й.У.Ганяева,Фанерщик,564478-4,былина,12,5,2
Й.У.Ганяева,Фанерщик,564478-5,былина,12,5,2
Ц.Й.Лимаев,Примерчик,543642-1,пьеса,0,5,2
Ц.Й.Лимаев,Примерчик,543642-2,пьеса,0,5,2
Ц.Й.Лимаев,Примерчик,543642-3,пьеса,0,5,2
Ц.Й.Лимаев,Примерчик,543642-4,пьеса,0,5,2
Ц.Й.Лимаев,Примерчик,543642-5,пьеса,0,5,2
Н.О.Горащенкова,Бомбардировка,532681-1,детектив,0,5,2
Н.О.Горащенкова,Бомбардировка,532681-2,детектив,0,5,2
Н.О.Горащенкова,Бомбардировка,532681-3,детектив,0,5,2
Н.О.Горащенкова,Бомбардировка,532681-4,детектив,0,5,2
Н.О.Горащенкова,Бомбардировка,532681-5,детектив,0,5,2
П.Ц.Проконов,Развозчик,147192-1,ода,0,5,0
П.Ц.Проконов,Развозчик,147192-2,ода,0,5,0
П.Ц.Проконов,Развозчик,147192-3,ода,0,5,0
П.Ц.Проконов,Развозчик,147192-4,ода,0,5,0
П.Ц.Проконов,Развозчик,147192-5,ода,0,5,0
Ф.Г.Складнова,Транссудат,263799-1,ода,16,5,0
Ф.Г.Складнова,Транссудат,263799-2,ода,16,5,0
Ф.Г.Складнова,Транссудат,263799-3,ода,16,5,0
Ф.Г.Складнова,Транссудат,263799-4,ода,16,5,0
Ф.Г.Складнова,Транссудат,263799-5,ода,16,5,0
Д.Р.Макланова,Бетель,229136-1,поэма,16,5,0
Д.Р.Макланова,Бетель,229136-2,поэма,16,5,0
Д.Р.Макланова,Бетель,229136-3,поэма,16,5,0
Д.Р.Макланова,Бетель,229136-4,поэма,16,5,0
Д.Р.Макланова,Бетель,229136-5,поэма,16,5,0
Щ.Ц.Покушев,Подрисовка,741541-1,былина,16,5,2
Щ.Ц.Покушев,Подрисовка,741541-2,былина,16,5,2
Щ.Ц.Покушев,Подрисовка,741541-3,былина,16,5,2
Щ.Ц.Покушев,Подрисовка,741541-4,былина,16,5,2
Щ.Ц.Покушев,Подрисовка,741541-5,былина,16,5,2
Ю.Р.Лясников,Отделённый,866263-1,детектив,16,5,1
Ю.Р.Лясников,Отделённый,866263-2,детектив,16,5,1
Ю.Р.Лясников,Отделённый,866263-3,детектив,16,5,1
Ю.Р.Лясников,Отделённый,866263-4,детектив,16,5,1
Ю.Р.Лясников,Отделённый,866263-5,детектив,16,5,1
Ж.Ё.Переведенцев,Коагуляция,245617-1,детектив,12,5,2
Ж.Ё.Переведенцев,Коагуляция,245617-2,детектив,12,5,2
Ж.Ё.Переведенцев,Коагуляция,245617-3,детектив,12,5,2
Ж.Ё.Переведенцев,Коагуляция,245617-4,детектив,12,5,2
Ж.Ё.Переведенцев,Коагуляция,245617-5,детектив,12,5,2
Ю.Ч.Котлерова,Зверьё,449833-1,детектив,18,5,1
Ю.Ч.Котлерова,Зверьё,449833-2,детектив,18,5,1
Ю.Ч.Котлерова,Зверьё,449833-3,детектив,18,5,1
Ю.Ч.Котлерова,Зверьё,449833-4,детектив,18,5,1
Ю.Ч.Котлерова,Зверьё,449833-5,детектив,18,5,1
М.Х.Фарвазова,Геологиня,294544-1,пьеса,12,5,0
М.Х.Фарвазова,Геологиня,294544-2,пьеса,12,5,0
М.Х.Фарвазова,Геологиня,294544-3,пьеса,12,5,0
М.Х.Фарвазова,Геологиня,294544-4,пьеса,12,5,0
М.Х.Фарвазова,Геологиня,294544-5,пьеса,12,5,0
Ц.М.Коротчикова,Мономан,353832-1,былина,0,5,3
Ц.М.Коротчикова,Мономан,353832-2,былина,0,5,3
Ц.М.Коротчикова,Мономан,353832-3,былина,0,5,3
Ц.М.Коротчикова,Мономан,353832-4,былина,0,5,3
Ц.М.Коротчикова,Мономан,353832-5,былина,0,5,3
Л.С.Клицев,Скаут,855767-1,пьеса,0,5,2
Л.С.Клицев,Скаут,855767-2,пьеса,0,5,2
Л.С.Клицев,Скаут,855767-3,пьеса,0,5,2
Л.С.Клицев,Скаут,855767-4,пьеса,0,5,2
Л.С.Клицев,Скаут,855767-5,пьеса,0,5,2
В.Я.Меркушев,Перестраховщик,529486-1,рассказ,12,5,1
В.Я.Меркушев,Перестраховщик,529486-2,рассказ,12,5,1
В.Я.Меркушев,Перестраховщик,529486-3,рассказ,12,5,1
В.Я.Меркушев,Перестраховщик,529486-4,рассказ,12,5,1
В.Я.Меркушев,Перестраховщик,529486-5,рассказ,12,5,1
Ц.З.Студнев,Подготовка,681279-1,детектив,12,5,1
Ц.З.Студнев,Подготовка,681279-2,детектив,12,5,1
Ц.З.Студнев,Подготовка,681279-3,детектив,12,5,1
Ц.З.Студнев,Подготовка,681279-4,детектив,12,5,1
Ц.З.Студнев,Подготовка,681279-5,детектив,12,5,1
Ш.Ш.Кутюмова,Вертлюг,637886-1,рассказ,12,5,2
Ш.Ш.Кутюмова,Вертлюг,637886-2,рассказ,12,5,2
Ш.Ш.Кутюмова,Вертлюг,637886-3,рассказ,12,5,2
Ш.Ш.Кутюмова,Вертлюг,637886-4,рассказ,12,5,2
Ш.Ш.Кутюмова,Вертлюг,637886-5,рассказ,12,5,2
Р.П.Хаметзанов,Осторожка,632628-1,ода,18,5,2
Р.П.Хаметзанов,Осторожка,632628-2,ода,18,5,2
Р.П.Хаметзанов,Осторожка,632628-3,ода,18,5,2
Р.П.Хаметзанов,Осторожка,632628-4,ода,18,5,2
Р.П.Хаметзанов,Осторожка,632628-5,ода,18,5,2
Н.Б.Ломаносова,Протеже,145119-1,детектив,16,5,1
Н.Б.Ломаносова,Протеже,145119-2,детектив,16,5,1
Н.Б.Ломаносова,Протеже,145119-3,детектив,16,5,1
Н.Б.Ломаносова,Протеже,145119-4,детектив,16,5,1
Н.Б.Ломаносова,Протеже,145119-5,детектив,16,5,1
К.Х.Блудкова,Лучинушка,276825-1,роман,16,5,3
К.Х.Блудкова,Лучинушка,276825-2,роман,16,5,3
К.Х.Блудкова,Лучинушка,276825-3,роман,16,5,3
К.Х.Блудкова,Лучинушка,276825-4,роман,16,5,3
К.Х.Блудкова,Лучинушка,276825-5,роман,16,5,3
Щ.З.Богачков,Корсетница,618763-1,детектив,16,5,2
Щ.З.Богачков,Корсетница,618763-2,детектив,16,5,2
Щ.З.Богачков,Корсетница,618763-3,детектив,16,5,2
Щ.З.Богачков,Корсетница,618763-4,детектив,16,5,2
Щ.З.Богачков,Корсетница,618763-5,детектив,16,5,2
Щ.Б.Санюкевич,Бездарность,893432-1,поэма,12,5,3
Щ.Б.Санюкевич,Бездарность,893432-2,поэма,12,5,3
Щ.Б.Санюкевич,Бездарность,893432-3,поэма,12,5,3
Щ.Б.Санюкевич,Бездарность,893432-4,поэма,12,5,3
Щ.Б.Санюкевич,Бездарность,893432-5,поэма,12,5,3
К.С.Гальтяков,Лисонька,182367-1,пьеса,12,5,2
К.С.Гальтяков,Лисонька,182367-2,пьеса,12,5,2
К.С.Гальтяков,Лисонька,182367-3,пьеса,12,5,2
К.С.Гальтяков,Лисонька,182367-4,пьеса,12,5,2
К.С.Гальтяков,Лисонька,182367-5,пьеса,12,5,2
Д.Л.Плакидов,Фонема,526925-1,роман,12,5,2
Д.Л.Плакидов,Фонема,526925-2,роман,12,5,2
Д.Л.Плакидов,Фонема,526925-3,роман,12,5,2
Д.Л.Плакидов,Фонема,526925-4,роман,12,5,2
Д.Л.Плакидов,Фонема,526925-5,роман,12,5,2
П.Т.Глусцова,Храп,375126-1,детектив,16,5,1
П.Т.Глусцова,Храп,375126-2,детектив,16,5,1
П.Т.Глусцова,Храп,375126-3,детектив,16,5,1
П.Т.Глусцова,Храп,375126-4,детектив,16,5,1
П.Т.Глусцова,Храп,375126-5,детектив,16,5,1
В.Ш.Дуканова,Фортуна,493148-1,былина,16,5,3
В.Ш.Дуканова,Фортуна,493148-2,былина,16,5,3
В.Ш.Дуканова,Фортуна,493148-3,былина,16,5,3
В.Ш.Дуканова,Фортуна,493148-4,былина,16,5,3
В.Ш.Дуканова,Фортуна,493148-5,былина,16,5,3
Н.Х.Никашева,Сковывание,119818-1,комедия,0,5,0
Н.Х.Никашева,Сковывание,119818-2,комедия,0,5,0
Н.Х.Никашева,Сковывание,119818-3,комедия,0,5,0
Н.Х.Никашева,Сковывание,119818-4,комедия,0,5,0
Н.Х.Никашева,Сковывание,119818-5,комедия,0,5,0
Й.Ц.Васильцева,Крючочек,417671-1,ода,12,5,0
Й.Ц.Васильцева,Крючочек,417671-2,ода,12,5,0
Й.Ц.Васильцева,Крючочек,417671-3,ода,12,5,0
Й.Ц.Васильцева,Крючочек,417671-4,ода,12,5,0
Й.Ц.Васильцева,Крючочек,417671-5,ода,12,5,0
Р.Б.Подабаева,Нуклеоль,837887-1,роман,0,5,0
Р.Б.Подабаева,Нуклеоль,837887-2,роман,0,5,0
Р.Б.Подабаева,Нуклеоль,837887-3,роман,0,5,0
Р.Б.Подабаева,Нуклеоль,837887-4,роман,0,5,0
Р.Б.Подабаева,Нуклеоль,837887-5,роман,0,5,0
К.Щ.Земблинова,Метастазирование,452653-1,поэма,12,5,3
К.Щ.Земблинова,Метастазирование,452653-2,поэма,12,5,3
К.Щ.Земблинова,Метастазирование,452653-3,поэма,12,5,3
К.Щ.Земблинова,Метастазирование,452653-4,поэма,12,5,3
К.Щ.Земблинова,Метастазирование,452653-5,поэма,12,5,3
Ц.Е.Самохволов,Опорос,878466-1,рассказ,0,5,1
Ц.Е.Самохволов,Опорос,878466-2,рассказ,0,5,1
Ц.Е.Самохволов,Опорос,878466-3,рассказ,0,5,1
Ц.Е.Самохволов,Опорос,878466-4,рассказ,0,5,1
Ц.Е.Самохволов,Опорос,878466-5,рассказ,0,5,1
Ж.С.Бурченков,Присёлок,343575-1,былина,0,5,2
Ж.С.Бурченков,Присёлок,343575-2,былина,0,5,2
Ж.С.Бурченков,Присёлок,343575-3,былина,0,5,2
Ж.С.Бурченков,Присёлок,343575-4,былина,0,5,2
Ж.С.Бурченков,Присёлок,343575-5,былина,0,5,2
Щ.Я.Стальмекова,Восковка,778244-1,былина,0,5,3
Щ.Я.Стальмекова,Восковка,778244-2,былина,0,5,3
Щ.Я.Стальмекова,Восковка,778244-3,былина,0,5,3
Щ.Я.Стальмекова,Восковка,778244-4,былина,0,5,3
Щ.Я.Стальмекова,Восковка,778244-5,былина,0,5,3
Ф.Ю.Даваедов,Пригорожанка,851612-1,былина,18,5,3
Ф.Ю.Даваедов,Пригорожанка,851612-2,былина,18,5,3
Ф.Ю.Даваедов,Пригорожанка,851612-3,былина,18,5,3
Ф.Ю.Даваедов,Пригорожанка,851612-4,былина,18,5,3
Ф.Ю.Даваедов,Пригорожанка,851612-5,былина,18,5,3
Ю.А.Земляников,Махалка,248792-1,рассказ,0,5,1
Ю.А.Земляников,Махалка,248792-2,рассказ,0,5,1
Ю.А.Земляников,Махалка,248792-3,рассказ,0,5,1
Ю.А.Земляников,Махалка,248792-4,рассказ,0,5,1
Ю.А.Земляников,Махалка,248792-5,рассказ,0,5,1
Ф.В.Гиланзов,Бечёвка,153763-1,былина,18,5,1
Ф.В.Гиланзов,Бечёвка,153763-2,былина,18,5,1
Ф.В.Гиланзов,Бечёвка,153763-3,былина,18,5,1
Ф.В.Гиланзов,Бечёвка,153763-4,былина,18,5,1
Ф.В.Гиланзов,Бечёвка,153763-5,былина,18,5,1
Я.Б.Прилепских,Доношение,753238-1,комедия,18,5,1
Я.Б.Прилепских,Доношение,753238-2,комедия,18,5,1
Я.Б.Прилепских,Доношение,753238-3,комедия,18,5,1
Я.Б.Прилепских,Доношение,753238-4,комедия,18,5,1
Я.Б.Прилепских,Доношение,753238-5,комедия,18,5,1
